"","baseMean","log2FoldChange","lfcSE","stat","pvalue","padj"
"mmu-mir-5126",88.1879894203073,2.77219255029344,0.55825305082006,4.96583502091239,6.84060904158161e-07,2.35005426868535e-05
"mmu-mir-1843b",35.3171328477754,2.09848029420189,0.744536870284491,2.81850419764981,0.00482479801654487,0.0225888270774601
"mmu-mir-664",160.277243844442,2.32618513825804,0.693000351981905,3.35668680629874,0.00078882412659276,0.00451382694661413
"mmu-mir-320",21.0237490434727,5.23505161762724,1.25129420568501,4.18370962947227,2.86790385018431e-05,0.000328215662854427
"mmu-mir-2137",197.756811640415,2.7192831516554,0.537559938384015,5.05856734754076,4.2241806231456e-07,2.35005426868535e-05
