"","baseMean","log2FoldChange","lfcSE","stat","pvalue","padj"
"mmu-mir-682",64.5096700796389,1.76637589305697,0.45818682419329,3.85514336028094,0.000115661830939845,0.00925294647518757
