"","baseMean","log2FoldChange","lfcSE","stat","pvalue","padj"
"mmu-mir-692-3",260.225844779003,2.73419551336137,0.749410449915673,3.64846195255088,0.000263814962742472,0.00580392918033439
"mmu-mir-682",78.6147727943447,2.23536392001814,0.667865109751551,3.34702904430763,0.000816826516774115,0.0134776375267729
"mmu-mir-692-1",150.855828901836,2.96165660999375,0.739449100281511,4.00522038483276,6.1959687124092e-05,0.00408933935019007
"mmu-mir-692-2",226.681095621152,2.78068247853656,0.762120818599846,3.64861110033075,0.000263661877918777,0.00580392918033439
