"","baseMean","log2FoldChange","lfcSE","stat","pvalue","padj"
"mmu-mir-5126",1714.49711289051,0.619389471114269,0.187938513617568,3.29570272315047,0.000981758420839285,0.018013601225159
"mmu-mir-146a",443.918126204252,0.566391187580858,0.158207337483542,3.5800563778515,0.000343520083490221,0.0080727219620202
"mmu-mir-21a",1173.68406046219,1.81605048209071,0.140498573307916,12.9257574602602,3.22108703842774e-38,6.05564363224416e-36
"mmu-mir-342",38.5935906359489,1.46149458352841,0.311236978813901,4.69576137481492,2.65615480376166e-06,9.98714206214385e-05
"mmu-let-7a-1",42681.4684224441,0.395385804542613,0.140922781033152,2.80569118522859,0.00502087860026052,0.0490143494794573
"mmu-let-7e",8596.42915638495,0.404976052606711,0.146596656066251,2.76251903333792,0.00573572174759607,0.0490143494794573
"mmu-mir-146b",392.93144824411,0.588983690144902,0.156539714027019,3.76251926743166,0.000168210344831803,0.004517649261197
"mmu-let-7a-2",42321.9879832388,0.393414330778953,0.140899970994299,2.79215338372832,0.00523585301461288,0.0490143494794573
"mmu-mir-222",365.478569195642,0.673405045611507,0.152721951133306,4.40935334190247,1.0367974326526e-05,0.000324863195564482
